auction_id_64,date_time,user_tz_offset,creative_width,creative_height,media_type,fold_position,event_type,imp_type,payment_type,media_cost_cpm,revenue_type,media_cost,buyer_bid,ecp,eap,is_imp,is_learn,predict_type_rev,user_id_64,ip_address,ip_address_trunc,country,region,operating_system,browser,language,venue_id,seller_member_id,publisher_id,site_id,site_domain,tag_id,external_inv_id,reserve_price,seller_revenue_cpm,media_buy_rev_share_pct,pub_rule_id,seller_currency,publisher_currency,publisher_exchange_rate,serving_fees_cpm,serving_fees_revshare,buyer_member_id,advertiser_id,brand_id,advertiser_frequency,advertiser_recency,insertion_order_id,line_item_id,campaign_id,creative_id,creative_freq,creative_rec,cadence_modifier,can_convert,user_group_id,is_control,control_pct,control_creative_id,is_click,pixel_id,is_remarketing,post_click_conv,post_view_conv,post_click_revenue,post_view_revenue,order_id,external_data,pricing_type,booked_revenue,booked_revenue_adv_curr,commission_cpm,commission_revshare,auction_service_deduction,auction_service_fees,creative_overage_fees,clear_fees,buyer_currency,advertiser_currency,advertiser_exchange_rate,latitude,longitude,device_unique_id,device_id,carrier_id,deal_id,view_result,application_id,supply_type,sdk_version,ozone_id,billing_period_id,view_non_measurable_reason,external_uid,request_uuid,dma,city,mobile_app_instance_id,traffic_source_code,external_request_id,deal_type,ym_floor_id,ym_bias_id,is_filtered_request,age,gender,is_exclusive,bid_priority,custom_model_id,custom_model_last_modified,custom_model_leaf_name,device_type,postal_code,imps_for_budget_caps_pacing,hashed_user_id_64,latitude_trunc,longitude_trunc,partition_time_millis,split_id,tc_string,partner_fees,external_campaign_id,playback_method,video_context,player_size_id,error_code,personal_identifiers,device_make_id,postal_code_ext,extended_ids,segment_data_costs,feature_costs,fallback_ad_index,region_id
6.10860126147206E+018,1694972051,-4,1,1,64,0,50_pct,5,4,0,0,0,0,0,0,0,0,-1,3.24998892605696E+018,136.226.58.246,136.226.58.0,US,FL,137,8,1,0,3659,2063963,5911205,intechopen.com,24437115,0,0,0,0.5,2520250,USD,USD,1,0,0,3659,8609455,1,0,0,8852878,22426253,0,461291737,0,0,1,0,697,0,0,0,0,0,0,0,0,0,0,,,cpm,0,0,0,0,0,0,0,0,USD,USD,1,,,,0,1,0,1,---,0,---,0,24769298,0,,85dc7ec1-15d1-4caa-a8a3-b8dc3afc5dbb,528,183612,0,---,---,0,0,0,0,0,u,1,16,0,0,---,1,33132,0,,,,1694970000000,0,,0,,0,0,0,0,[],0,33132-1724,[],0,0,-1,3927
2.04826435302161E+018,1694971437,-4,1,1,64,0,served,5,4,0,0,0,0,0,0,0,0,-1,7.8542145908605E+018,98.243.37.195,98.243.37.0,US,MI,236,8,1,0,3659,2063963,5911205,intechopen.com,24437115,0,0,0,0.5,2520250,USD,USD,1,0,0,3659,8609455,1,0,0,8852878,22426253,0,461291737,0,0,1,0,581,0,0,0,0,0,0,0,0,0,0,,,cpm,0,0,0,0,0,0,0,0,USD,USD,1,,,,0,1,0,1,---,0,---,0,24769298,0,,843b792e-ea93-416b-9b64-f91c2c96bce0,505,191364,0,---,---,0,0,0,0,0,u,1,16,0,0,---,1,48220,0,,,,1694970000000,0,,0,,0,0,0,0,[],0,48220-3241,[],0,0,-1,3940
1.04117877400979E+018,1694971547,-4,1,1,64,0,served,5,4,0,0,0,0,0,0,0,0,-1,0,172.226.168.26,172.226.168.0,US,GA,464,9,1,0,3659,2063963,5911205,intechopen.com,24437115,0,0,0,0.5,2520250,USD,USD,1,0,0,3659,8609455,1,-1,-1,8852878,22426253,0,461291737,-1,-1,1,0,-1,0,0,0,0,0,0,0,0,0,0,,,cpm,0,0,0,0,0,0,0,0,USD,USD,1,,,,301,1,0,1,---,1,---,0,24769298,0,,08a9e966-a33c-4b3b-8ca9-8cc81c368428,524,183861,0,---,---,0,0,0,0,0,u,1,16,0,0,---,2,30349,0,,,,1694970000000,0,,0,,0,0,0,0,[],26,30349-2947,[],0,0,-1,3928
1.04117877400979E+018,1694971740,-4,1,1,64,0,100_pct,5,4,0,0,0,0,0,0,0,0,-1,0,172.226.168.26,172.226.168.0,US,GA,464,9,1,0,3659,2063963,5911205,intechopen.com,24437115,0,0,0,0.5,2520250,USD,USD,1,0,0,3659,8609455,1,-1,-1,8852878,22426253,0,461291737,-1,-1,1,0,-1,0,0,0,0,0,0,0,0,0,0,,,cpm,0,0,0,0,0,0,0,0,USD,USD,1,,,,301,1,0,1,---,1,---,0,24769298,0,,08a9e966-a33c-4b3b-8ca9-8cc81c368428,524,183861,0,---,---,0,0,0,0,0,u,1,16,0,0,---,2,30349,0,,,,1694970000000,0,,0,,0,0,0,0,[],26,30349-2947,[],0,0,-1,3928
1.81378624627039E+018,1694972021,-7,1,1,64,0,served,5,4,0,0,0,0,0,0,0,0,-1,4.17877445600236E+018,99.167.85.199,99.167.85.0,US,CA,236,8,1,0,3659,2063963,5911205,intechopen.com,24437115,0,0,0,0.5,2520250,USD,USD,1,0,0,3659,8609455,1,0,0,8852878,22426253,0,461291737,0,0,1,0,979,0,0,0,0,0,0,0,0,0,0,,,cpm,0,0,0,0,0,0,0,0,USD,USD,1,,,,0,1,0,1,---,0,---,0,24769298,0,,4bedf861-c344-41f8-8f39-18769f270dec,803,181953,0,---,---,0,0,0,0,0,u,1,16,0,0,---,1,90034,0,,,,1694970000000,0,,0,,0,0,0,0,[],0,90034-1060,[],0,0,-1,3922
2.45492378465789E+018,1694973019,-6,1,1,64,0,served,5,4,0,0,0,0,0,0,0,0,-1,0,174.27.140.110,174.27.140.0,US,ID,449,9,1,0,3659,2063963,5911205,intechopen.com,24437115,0,0,0,0.5,2520250,USD,USD,1,0,0,3659,8609455,1,-1,-1,8852878,22426253,0,461291737,-1,-1,1,0,-1,0,0,0,0,0,0,0,0,0,0,,,cpm,0,0,0,0,0,0,0,0,USD,USD,1,,,,301,1,0,1,---,1,---,0,24769298,0,,de0214e4-c2a1-41ef-b484-a9b4f538bf19,757,185644,0,---,---,0,0,0,0,0,u,1,16,0,0,---,2,83646,0,,,,1694970000000,0,,0,,0,0,0,0,[],26,83646-3260,[],0,0,-1,3930
5.5938979401834E+018,1694970021,-7,1,1,64,0,25_pct,5,4,0,0,0,0,0,0,0,0,-1,0,104.28.111.173,104.28.111.0,US,AZ,405,9,1,0,3659,2063963,5911205,intechopen.com,24437115,0,0,0,0.5,2520250,USD,USD,1,0,0,3659,8609455,1,-1,-1,8852878,22426253,0,461291737,-1,-1,1,0,-1,0,0,0,0,0,0,0,0,0,0,,,cpm,0,0,0,0,0,0,0,0,USD,USD,1,,,,301,1,0,1,---,1,---,0,24769298,0,,1baf8fdd-184e-4c6a-975e-dcff991380cc,753,181240,0,---,---,0,0,0,0,0,u,1,16,0,0,---,2,85032,0,,,,1694970000000,0,,0,,0,0,0,0,[],26,85032-5204,[],0,0,-1,3920
7.93730580413366E+018,1694972865,-4,1,1,64,0,100_pct,5,4,0,0,0,0,0,0,0,0,-1,0,104.28.57.245,104.28.57.0,US,NY,464,9,1,0,3659,2063963,5911205,intechopen.com,24437115,0,0,0,0.5,2520250,USD,USD,1,0,0,3659,8609455,1,-1,-1,8852878,22426253,0,461291737,-1,-1,1,0,-1,0,0,0,0,0,0,0,0,0,0,,,cpm,0,0,0,0,0,0,0,0,USD,USD,1,,,,301,1,0,1,---,1,---,0,24769298,0,,d5252f62-ba48-44d0-81f2-8569e68aca20,501,198423,0,---,---,0,0,0,0,0,u,1,16,0,0,---,2,10025,0,,,,1694970000000,0,,0,,0,0,0,0,[],26,10025-4919,[],0,0,-1,3950
7.93730580413366E+018,1694972672,-4,1,1,64,0,served,5,4,0,0,0,0,0,0,0,0,-1,0,104.28.57.245,104.28.57.0,US,NY,464,9,1,0,3659,2063963,5911205,intechopen.com,24437115,0,0,0,0.5,2520250,USD,USD,1,0,0,3659,8609455,1,-1,-1,8852878,22426253,0,461291737,-1,-1,1,0,-1,0,0,0,0,0,0,0,0,0,0,,,cpm,0,0,0,0,0,0,0,0,USD,USD,1,,,,301,1,0,1,---,1,---,0,24769298,0,,d5252f62-ba48-44d0-81f2-8569e68aca20,501,198423,0,---,---,0,0,0,0,0,u,1,16,0,0,---,2,10025,0,,,,1694970000000,0,,0,,0,0,0,0,[],26,10025-4919,[],0,0,-1,3950
9.89475482644232E+017,1694971555,-5,1,1,64,0,served,5,4,0,0,0,0,0,0,0,0,-1,3.24458757699199E+018,104.28.103.21,104.28.103.0,US,IL,421,9,1,0,3659,2063963,5911205,intechopen.com,24437115,0,0,0,0.5,2520250,USD,USD,1,0,0,3659,8609455,1,0,0,8852878,22426253,0,461291737,0,0,1,0,19,0,0,0,0,0,0,0,0,0,0,,,cpm,0,0,0,0,0,0,0,0,USD,USD,1,,,,301,1,0,1,---,1,---,0,24769298,0,,3e903b71-99f4-4d52-a867-19d15ebc4e2d,602,185967,0,---,---,0,0,0,0,0,u,1,16,0,0,---,2,60629,0,,,,1694970000000,0,,0,,0,0,0,0,[],26,60629-3728,[],0,0,-1,3931
2.56921615107394E+018,1694970333,-5,1,1,64,0,served,5,4,0,0,0,0,0,0,0,0,-1,0,104.28.32.108,104.28.32.0,US,IL,421,9,1,0,3659,2063963,5911205,intechopen.com,24437115,0,0,0,0.5,2520250,USD,USD,1,0,0,3659,8609455,1,-1,-1,8852878,22426253,0,461291737,-1,-1,1,0,-1,0,0,0,0,0,0,0,0,0,0,,,cpm,0,0,0,0,0,0,0,0,USD,USD,1,,,,301,1,0,1,---,1,---,0,24769298,0,,0877e30e-e21d-43ca-a213-d45c52ae2eb9,602,185967,0,---,---,0,0,0,0,0,u,1,16,0,0,---,2,60629,0,,,,1694970000000,0,,0,,0,0,0,0,[],26,60629-3728,[],0,0,-1,3931
7.0941318034575E+018,1694972388,-4,728,90,1,0,imp,5,4,0,0,1.00000049E-05,1.00000049E-05,0.009999999776483,0.009999999776483,1,0,-1,0,73.167.117.47,73.167.117.0,US,VT,236,9,1,0,3659,2063832,5910736,diabetesfoodhub.org,24438289,0,0,1E-05,0.8,2520116,USD,USD,1,0,0,3659,5866478,1,-1,-1,8130817,20658940,0,454595407,-1,-1,1,0,-1,0,0,0,0,0,0,0,0,0,0,,,cpm,0,0,0,0,0,0,0,0,USD,USD,1,,,,0,1,0,2,---,0,ast-0.57.0,0,21982374,0,,81e91889-2610-4822-8e18-1b9e20b26a7d,523,206770,0,---,---,0,0,0,0,0,u,1,2,0,0,---,1,5401,1,,,,1694970000000,0,,0,,0,0,0,0,[],0,05401-4682,[],0,0,-1,3963
1.00227717296099E+017,1694972439,-4,320,50,1,0,imp,7,0,1.74207,0,1.74207,1.7420704096549,3.75,1.9099999666214,1,0,-1,3.91785797947684E+018,172.226.18.0,172.226.18.0,US,NY,449,9,0,0,8241,1543090,0,medicinenet.com,21431632,0,0,0,0,0,,,0,0,0,3659,6980738,359987,-1,-1,7904194,21453567,0,423668801,-1,-1,1,0,482,0,0,0,0,0,0,0,0,0,0,,,cpm,0.01,0.01,0,0,0.0002090484,0,0,0,USD,USD,1,,,,301,1,0,1,---,1,---,0,20842045,0,---,e6f9f044-4153-4694-8ef4-bf6b23e98f15,501,198423,0,---,---,0,0,0,0,0,u,0,0,0,0,---,2,10025,1,,,,1694970000000,0,,0,,0,0,0,0,"[{identity_type:9957,identity_value:}]",26,10025-4919,"[{id_type:9957,id_value:}]",30000,0,-1,3950
3.60717409960533E+018,1694972220,-5,300,250,1,0,imp,5,4,0.006,0,0.0100000049,0.0100000049,0.009999999776483,0.009999999776483,1,0,-1,3.47355133528265E+018,166.194.154.118,166.194.154.0,US,KY,228,8,1,0,3659,2063814,5910684,drugs.com,24425725,0,0,0.01,0.6,2520094,USD,USD,1,0,0,3659,7326720,1,5,0,8539672,21696230,0,447102000,5,0,1,0,816,0,0,0,0,0,0,0,0,0,0,,,cpm,1E-05,1E-05,0,0,0,0,0,0,USD,USD,1,,,,8613,60,0,2,---,1,ast-0.57.0,0,23593594,0,,7250cd34-fdfd-4325-9b77-4b22febb36c2,529,188722,0,---,---,0,0,0,0,0,u,1,2,0,0,---,2,40143,1,,,,1694970000000,0,,0,,0,0,0,0,[],440,40143-4896,[],0,0,-1,3935
3.32221611261519E+018,1694970939,2,300,250,1,0,imp,4,0,0,-1,0,0,0.5,0.5,1,0,-1,1.63560728264181E+018,90.65.0.44,90.65.0.0,FR,AR,228,8,1,0,3659,2063929,5911110,familydoctor.org,24435085,0,0,0,0.5,0,USD,USD,1,0,0,3659,0,1,-2,-2,0,0,0,344629169,-2,-2,1,0,147,2,0,0,0,0,0,0,0,0,0,,,---,0,0,0,0,0,0,0,0,USD,USD,1,,,,8613,1,0,3,---,1,ast-0.57.0,0,0,1,,b17fc5dc-133d-470c-9b30-f0925d105dfb,1839,98163,0,---,---,0,0,0,0,0,u,1,0,0,0,--,2,69005,0,,,,1694970000000,0,,0,,0,0,0,0,[],440,,[],0,0,-1,5947
9.96263310475251E+017,1694970927,-7,728,90,1,0,imp,4,0,0,-1,0,0,0.5,0.5,1,0,-1,0,99.112.67.72,99.112.67.0,US,CA,137,8,1,0,3659,2063929,5911110,familydoctor.org,24435085,0,0,0,0.5,0,USD,USD,1,0,0,3659,0,1,-2,-2,0,0,0,344629284,-2,-2,1,0,0,2,0,0,0,0,0,0,0,0,0,,,---,0,0,0,0,0,0,0,0,USD,USD,1,,,,0,1,0,3,---,0,ast-0.57.0,0,0,1,,4ca150f7-4a25-477f-824f-548a019395a4,807,181989,0,---,---,0,0,0,0,0,u,1,0,0,0,--,1,94553,0,,,,1694970000000,0,,0,,0,0,0,0,[],0,94553-4763,[],0,0,-1,3922
4.64222297409948E+018,1694970478,7,300,250,1,0,imp,5,4,0,0,1.00000049E-05,1.00000049E-05,0.009999999776483,0.009999999776483,1,0,-1,0,104.28.122.159,104.28.122.0,TH,40,236,9,1,0,3659,2063832,5911347,diabetesjournals.org,24438291,0,0,1E-05,0.8,2520116,USD,USD,1,0,0,3659,5866478,1,-1,-1,8805045,22317762,0,459802359,-1,-1,1,0,-1,0,0,0,0,0,0,0,0,0,0,,,cpm,0,0,0,0,0,0,0,0,USD,USD,1,,,,0,1,0,1,---,0,ast-0.57.0,0,24586209,0,,bfd84449-e4c7-4ec7-b95b-a90925bba31f,1,176055,0,---,---,0,0,0,0,0,u,1,2,0,0,---,1,10600,1,,,,1694970000000,0,,0,,0,0,0,0,[],0,,[],0,0,-1,3647
3.48944129688929E+017,1694973385,-4,300,250,1,0,imp,4,0,0,-1,0,0,0.5,0.5,1,0,-1,2.19317312526194E+018,73.167.96.29,73.167.96.0,US,CT,236,8,1,0,3659,2063929,5911110,familydoctor.org,24435085,0,0,0,0.5,0,USD,USD,1,0,0,3659,0,1,-2,-2,0,0,0,344629169,-2,-2,1,0,514,2,0,0,0,0,0,0,0,0,0,,,---,0,0,0,0,0,0,0,0,USD,USD,1,,,,0,1,0,3,---,0,ast-0.57.0,0,0,1,,5a2925a0-a1d2-4a2e-b5ef-1622b6640b4e,533,183173,0,---,---,0,0,0,0,0,u,1,0,0,0,--,1,6069,0,,,,1694970000000,0,,0,,0,0,0,0,[],0,06069-2612,[],0,0,-1,3924
8.40084342614625E+018,1694972695,-5,728,90,1,0,imp,5,4,0,0,1.00000049E-05,1.00000049E-05,0.009999999776483,0.009999999776483,1,0,-1,0,165.225.62.45,165.225.62.0,US,IL,137,8,1,0,3659,2063832,5911347,diabetesjournals.org,24438291,0,0,1E-05,0.8,2520116,USD,USD,1,0,0,3659,5866478,1,-1,-1,8023286,20353938,0,419005613,-1,-1,1,0,-1,0,0,0,0,0,0,0,0,0,0,,,cpm,0,0,0,0,0,0,0,0,USD,USD,1,,,,0,1,0,2,---,0,ast-0.57.0,0,21503389,0,,3d37ed46-bc30-4cfd-8b48-51f3e7977ab2,602,185967,0,---,---,0,0,0,0,0,u,1,2,0,0,---,1,60616,1,,,,1694970000000,0,,0,,0,0,0,0,[],0,60616-2821,[],0,0,-1,3931
5.91561405399055E+018,1694971389,-4,728,90,1,0,imp,5,4,0,0,0.04000001870593,0.04000001870593,0.009999999776483,0.009999999776483,1,0,-1,6.53479710094737E+018,71.71.88.122,71.71.88.0,US,NC,137,8,1,0,3659,2063832,5910736,diabetesfoodhub.org,24438289,0,0,1E-05,0.8,2520116,USD,USD,1,0,0,3659,5866478,1,36,0,7971052,21252657,0,423521523,1,0,1,0,587,0,0,0,0,0,0,0,0,0,0,,,cpm,0,0,0,0,0,0,0,0,USD,USD,1,,,,0,358,0,2,---,0,ast-0.57.0,0,21216567,0,,809bc17b-c2d3-4696-9f66-e384965cb4ea,517,194949,0,---,---,0,0,0,0,0,u,1,17,0,0,---,1,28115,1,,,,1694970000000,0,,0,,0,0,0,0,[],0,28115-5722,[],0,0,-1,3951
6.50819777663381E+018,1694971405,-4,320,50,1,0,imp,4,0,0,-1,0,0,34.9500007629395,0.009999999776483,1,0,-1,7.25056099551645E+018,99.230.88.23,99.230.88.0,CA,ON,228,8,1,0,3659,2063927,5911106,aad.org,24435057,0,0,0,0.5,0,USD,USD,1,0,0,3659,0,1,-2,-2,0,0,0,344600732,-2,-2,1,0,460,2,0,0,0,0,0,0,0,0,0,,,---,0,0,0,0,0,0,0,0,USD,USD,1,,,,8613,1,0,3,---,1,ast-0.57.0,0,0,1,,6522d576-8ebb-4925-b8ae-34457db68f43,1030,23917,0,---,---,0,0,0,0,0,u,1,0,0,0,--,2,M5G 2K2,0,,,,1694970000000,0,,0,,0,0,0,0,[],440,M5G 2K2,[],0,0,-1,562
4.86703015044956E+018,1694970789,4,320,50,1,0,imp,4,0,0,-1,0,0,34.9500007629395,0.009999999776483,1,0,-1,6.02823393838308E+018,103.28.133.157,103.28.133.0,AF,14,390,8,1,0,3659,2063927,5911106,aad.org,24435057,0,0,0,0.5,0,USD,USD,1,0,0,3659,0,1,-2,-2,0,0,0,344600732,-2,-2,1,0,209,2,0,0,0,0,0,0,0,0,0,,,---,0,0,0,0,0,0,0,0,USD,USD,1,,,,102722,653,0,3,---,1,ast-0.57.0,0,0,1,,4ba2822f-ec22-43a7-8563-7814dc422d5c,1,546606,0,---,---,0,0,0,0,0,u,1,0,0,0,--,2,1256,0,,,,1694970000000,0,,0,,0,0,0,0,[],361,,[],0,0,-1,26
8.9750164759249E+018,1694972223,-4,300,250,1,0,imp,4,0,0,-1,0,0,0.5,0.5,1,0,-1,0,170.232.235.232,170.232.235.0,US,PA,137,19,1,0,3659,2063929,5911110,familydoctor.org,24435085,0,0,0,0.5,0,USD,USD,1,0,0,3659,0,1,-2,-2,0,0,0,344629169,-2,-2,1,0,0,2,0,0,0,0,0,0,0,0,0,,,---,0,0,0,0,0,0,0,0,USD,USD,1,,,,0,1,0,3,---,0,ast-0.57.0,0,0,1,,600ba674-077f-45d9-9d2d-5072fb8b71ed,504,202553,0,---,---,0,0,0,0,0,u,1,0,0,0,--,1,19064,0,,,,1694970000000,0,,0,,0,0,0,0,[],0,19064-3975,[],0,0,-1,3956
2.93122539509952E+017,1694970487,-5,320,50,1,0,imp,4,0,0,-1,0,0,40,40,1,0,-1,0,172.226.176.0,172.226.176.0,US,TX,464,9,1,0,3659,2063814,5910684,drugs.com,24425826,0,0,0,0.6,0,USD,USD,1,0,0,3659,0,1,-2,-2,0,0,0,445707623,-2,-2,1,0,0,2,0,0,0,0,0,0,0,0,0,,,---,0,0,0,0,0,0,0,0,USD,USD,1,,,,301,1,0,3,---,1,ast-0.57.0,0,0,1,,5ee4b96e-be6a-43c1-9cf7-7fcd0e6e7c00,623,204519,0,---,---,0,0,0,0,0,u,1,0,0,0,--,2,75217,0,,,,1694970000000,0,,0,,0,0,0,0,[],26,75217-4403,[],0,0,-1,3961
1.30392514892993E+018,1694970572,-4,160,600,1,0,imp,5,4,0,0,1.00000049E-05,1.00000049E-05,34.9500007629395,0.009999999776483,1,0,-1,0,104.28.57.243,104.28.57.0,US,NY,236,9,1,0,3659,2063927,5911106,aad.org,24435057,0,0,1E-05,0.5,2520213,USD,USD,1,0,0,3659,5866150,1,-1,-1,7451901,21765019,0,448374900,-1,-1,1,0,-1,0,0,0,0,0,0,0,0,0,0,,,cpm,0,0,0,0,0,0,0,0,USD,USD,1,,,,0,1,0,1,---,0,ast-0.57.0,0,18639440,0,,3776294e-a16b-4394-8a06-737c994311ed,501,198423,0,---,---,0,0,0,0,0,u,1,2,0,0,---,1,10025,1,,,,1694970000000,0,,0,,0,0,0,0,[],0,10025-4919,[],0,0,-1,3950
6.64059469645941E+018,1694970195,-4,300,250,1,0,imp,5,4,0.006,0,0.0100000049,0.0100000049,0.009999999776483,0.009999999776483,1,0,-1,3.78890325959267E+018,170.250.46.53,170.250.46.0,US,FL,228,8,1,0,3659,2063814,5910684,drugs.com,24425725,0,0,0.01,0.6,2520094,USD,USD,1,0,0,3659,7326720,1,0,0,8539672,21696230,0,447102000,0,0,1,0,526,0,0,0,0,0,0,0,0,0,0,,,cpm,1E-05,1E-05,0,0,0,0,0,0,USD,USD,1,,,,8613,1,0,2,---,1,ast-0.57.0,0,23593594,0,,aa8b39fe-687f-4a57-8210-35dea6610169,548,183345,0,---,---,0,0,0,0,0,u,1,2,0,0,---,2,33498,1,,,,1694970000000,0,,0,,0,0,0,0,[],440,33498-6705,[],0,0,-1,3927
7.28425534015868E+018,1694970323,-4,320,50,1,0,imp,5,4,0,0,1.00000049E-05,1.00000049E-05,34.9500007629395,0.009999999776483,1,0,-1,0,146.75.249.5,146.75.249.0,US,NC,464,9,1,0,3659,2063927,5911106,aad.org,24435057,0,0,1E-05,0.5,2520213,USD,USD,1,0,0,3659,5866150,1,-1,-1,7451901,21765019,0,448374908,-1,-1,1,0,-1,0,0,0,0,0,0,0,0,0,0,,,cpm,0,0,0,0,0,0,0,0,USD,USD,1,,,,301,1,0,1,---,1,ast-0.57.0,0,18639440,0,,2b2cbbbf-ef05-402c-9b35-5210b0962cfe,517,195217,0,---,---,0,0,0,0,0,u,1,2,0,0,---,2,28173,1,,,,1694970000000,0,,0,,0,0,0,0,[],26,28173-4115,[],0,0,-1,3951
2.75878854262059E+018,1694972625,-4,300,250,1,0,imp,5,4,0.006,0,0.0100000049,0.0100000049,0.009999999776483,0.009999999776483,1,0,-1,0,104.28.57.244,104.28.57.0,US,NY,464,9,1,0,3659,2063814,5910684,drugs.com,24425725,0,0,0.01,0.6,2520094,USD,USD,1,0,0,3659,7326720,1,-1,-1,8539672,21696230,0,447102000,-1,-1,1,0,-1,0,0,0,0,0,0,0,0,0,0,,,cpm,1E-05,1E-05,0,0,0,0,0,0,USD,USD,1,,,,301,1,0,1,---,1,ast-0.57.0,0,23593594,0,,6c2ec84b-093c-4e8e-84f7-7f343f49ab0a,501,198423,0,---,---,0,0,0,0,0,u,1,2,0,0,---,2,10025,1,,,,1694970000000,0,,0,,0,0,0,0,[],26,10025-4919,[],0,0,-1,3950
4.04463331786926E+018,1694972634,-7,300,250,1,0,imp,5,4,19.2,0,999.900514365074,999,23.9899997711182,23.9899997711182,1,0,-1,0,104.28.85.112,104.28.85.0,US,CA,464,9,1,0,3659,2063832,5910736,diabetes.org,24426047,0,0,24.00001,0.8,2520116,USD,USD,1,0,0,3659,6114594,7864,-1,-1,7906745,22314892,0,408447921,-1,-1,1,0,-1,0,0,0,0,0,0,0,0,0,0,,,cpm,0.024,0.024,0,0,0,0,0,0,USD,USD,1,,,,301,1,0,2,---,1,ast-0.57.0,0,20857802,0,,6ac0bf40-9ae2-4570-a359-c310d0c2175e,803,181953,0,---,---,0,0,0,0,0,u,1,18,0,0,---,2,90011,1,,,,1694970000000,0,,0,,0,0,0,0,[],26,90011-5700,[],0,0,-1,3922
6.33609995963248E+018,1694972822,-5,300,250,1,0,imp,5,4,0,0,1.00000049E-05,1.00000049E-05,0.009999999776483,0.009999999776483,1,0,-1,-1,172.58.99.0,172.58.99.0,US,TX,228,8,1,0,3659,2063936,5911171,urologyhealth.org,24436533,0,0,1E-05,0.5,2520223,USD,USD,1,0,0,3659,5971294,1,-1,-1,7388782,19891557,0,384101425,-1,-1,1,0,-1,0,0,0,0,0,0,0,0,0,0,,,cpm,0,0,0,0,0,0,0,0,USD,USD,1,,,,102287,55,0,2,---,1,ast-0.57.0,0,18356800,0,,59da3e3f-6480-4372-a53d-7afd190078d7,618,204745,0,---,---,0,0,0,0,0,u,1,2,0,0,---,2,---,1,,,,1694970000000,0,,0,,0,0,0,0,[],252,,[],0,0,-1,3961
8.15453386265554E+018,1694973046,-4,300,250,1,0,imp,4,0,0,-1,0,0,0.5,0.5,1,0,-1,7.24944892163336E+018,104.28.55.232,104.28.55.0,US,NY,409,9,1,0,3659,2063929,5911110,familydoctor.org,24435085,0,0,0,0.5,0,USD,USD,1,0,0,3659,0,1,-2,-2,0,0,0,344629169,-2,-2,1,0,637,2,0,0,0,0,0,0,0,0,0,,,---,0,0,0,0,0,0,0,0,USD,USD,1,,,,301,1,0,3,---,1,ast-0.57.0,0,0,1,,911a82bb-5e2a-4dda-9666-a8d460ccf673,501,198423,0,---,---,0,0,0,0,0,u,1,0,0,0,--,2,10025,0,,,,1694970000000,0,,0,,0,0,0,0,[],26,10025-4919,[],0,0,-1,3950
2.47764270424325E+018,1694971252,1,320,50,1,0,imp,4,0,0,-1,0,0,34.9500007629395,0.009999999776483,1,0,-1,-1,86.137.34.0,86.137.34.0,GB,M9,228,8,1,0,3659,2063927,5911106,aad.org,24435057,0,0,0,0.5,0,USD,USD,1,0,0,3659,0,1,-2,-2,0,0,0,344600732,-2,-2,1,0,-1,2,0,0,0,0,0,0,0,0,0,,,---,0,0,0,0,0,0,0,0,USD,USD,1,,,,8613,359,0,3,---,1,ast-0.57.0,0,0,1,,85ea5a64-c04e-42a7-9225-69e9968a4161,2667,105947,0,---,---,0,0,0,0,0,u,1,0,0,0,--,2,---,0,,,,1694970000000,0,,0,,0,0,0,0,[],440,,[],0,0,-1,1240
1.7880052549792E+018,1694973110,5,320,50,1,0,imp,4,0,0,-1,0,0,34.9500007629395,0.009999999776483,1,0,-1,0,110.224.114.189,110.224.114.0,IN,16,449,8,1,0,3659,2063927,5911106,aad.org,24435057,0,0,0,0.5,0,USD,USD,1,0,0,3659,0,1,-2,-2,0,0,0,344600732,-2,-2,1,0,0,2,0,0,0,0,0,0,0,0,0,,,---,0,0,0,0,0,0,0,0,USD,USD,1,,,,301,218,0,3,---,1,ast-0.57.0,0,0,1,,ec1a8bc7-8751-436c-b20a-1c7482f61267,2914,117657,0,---,---,0,0,0,0,0,u,1,0,0,0,--,2,400097,0,,,,1694970000000,0,,0,,0,0,0,0,[],26,,[],0,0,-1,1750
4.89562783089579E+018,1694970841,-7,3,3,1,0,imp,1,0,0,-1,0,0,0.009999999776483,0.009999999776483,1,0,-1,5.98657323247396E+018,68.185.46.14,68.185.46.0,US,WA,228,8,1,0,3659,2063832,5910736,diabetesfoodhub.org,24438289,0,0,0,0.8,0,USD,USD,1,0,0,0,0,0,0,0,0,0,0,0,0,0,0,0,0,0,0,0,0,0,0,0,0,0,0,,,,0,0,0,0,0,0,0,0,,,0,,,,8614,1,0,3,---,1,ast-0.57.0,0,0,1,,ac87a73d-c727-4d57-83ec-5e502edbfe96,810,207421,0,---,---,0,0,0,0,0,u,1,0,0,0,,3,98942,0,,,,1694970000000,0,,0,,0,0,0,0,[],440,98942-8873,[],0,0,-1,3965
7.56277943583203E+017,1694972413,-5,300,250,1,0,imp,5,4,0,0,1.00000049E-05,1.00000049E-05,0.009999999776483,0.009999999776483,1,0,-1,0,64.111.226.90,64.111.226.0,US,OK,228,8,1,0,3659,2063936,5911171,urologyhealth.org,24436533,0,0,1E-05,0.5,2520223,USD,USD,1,0,0,3659,5971294,1,-1,-1,7388782,19891557,0,384101425,-1,-1,1,0,-1,0,0,0,0,0,0,0,0,0,0,,,cpm,0,0,0,0,0,0,0,0,USD,USD,1,,,,8613,1,0,2,---,1,ast-0.57.0,0,18356800,0,,b8d28c34-4a62-4973-9db6-922375145243,671,200378,0,---,---,0,0,0,0,0,u,1,2,0,0,---,2,74038,1,,,,1694970000000,0,,0,,0,0,0,0,[],440,74038-5628,[],0,0,-1,3954
1.30221403107842E+018,1694971137,8,320,50,1,0,imp,4,0,0,-1,0,0,34.9500007629395,0.009999999776483,1,0,-1,3.4404254839126E+018,110.54.169.180,110.54.169.0,PH,34,228,8,19,0,3659,2063927,5911106,aad.org,24435057,0,0,0,0.5,0,USD,USD,1,0,0,3659,0,1,-2,-2,0,0,0,344600732,-2,-2,1,0,10,2,0,0,0,0,0,0,0,0,0,,,---,0,0,0,0,0,0,0,0,USD,USD,1,,,,8613,1,0,3,---,1,ast-0.57.0,0,0,1,,88f69528-e1af-4871-9c13-7ffc387721df,1,221265,0,---,---,0,0,0,0,0,u,1,0,0,0,--,2,9200,0,,,,1694970000000,0,,0,,0,0,0,0,[],440,,[],0,0,-1,2939
1.12317798035048E+018,1694972730,-7,300,250,1,0,imp,4,0,0,-1,0,0,0.5,0.5,1,0,-1,-1,104.28.85.0,104.28.85.0,US,CA,405,9,1,0,3659,2063929,5911110,familydoctor.org,24435085,0,0,0,0.5,0,USD,USD,1,0,0,3659,0,1,-2,-2,0,0,0,344629169,-2,-2,1,0,-1,2,0,0,0,0,0,0,0,0,0,,,---,0,0,0,0,0,0,0,0,USD,USD,1,,,,301,1,0,3,---,1,ast-0.57.0,0,0,1,,ee357fec-1f77-4491-9073-6d002cdffd70,803,181953,0,---,---,0,0,0,0,0,u,1,0,0,0,--,2,---,0,,,,1694970000000,0,,0,,0,0,0,0,[],26,,[],0,0,-1,3922
7.35930475350502E+018,1694970411,8,320,50,1,0,imp,4,0,0,-1,0,0,34.9500007629395,0.009999999776483,1,0,-1,2.2236983028622E+018,180.195.199.74,180.195.199.0,PH,H2,228,8,1,0,3659,2063927,5911106,aad.org,24435057,0,0,0,0.5,0,USD,USD,1,0,0,3659,0,1,-2,-2,0,0,0,344600732,-2,-2,1,0,645,2,0,0,0,0,0,0,0,0,0,,,---,0,0,0,0,0,0,0,0,USD,USD,1,,,,8613,1,0,3,---,1,ast-0.57.0,0,0,1,,b2e54f04-7553-4a9f-8e44-8db6f5647fdd,1,221344,0,---,---,0,0,0,0,0,u,1,0,0,0,--,2,4301,0,,,,1694970000000,0,,0,,0,0,0,0,[],440,,[],0,0,-1,3039
8.12428053878963E+018,1694971604,-7,728,90,1,0,imp,5,4,0,0,1.00000049E-05,1.00000049E-05,0.009999999776483,0.009999999776483,1,0,-1,0,204.124.239.32,204.124.239.0,US,WA,137,19,1,0,3659,2063814,5910684,drugs.com,24425725,0,0,1E-05,0.6,2520094,USD,USD,1,0,0,3659,7007061,1,-1,-1,7906726,21785090,0,409073933,-1,-1,1,0,-1,0,0,0,0,0,0,0,0,0,0,,,cpm,0,0,0,0,0,0,0,0,USD,USD,1,,,,0,1,0,1,---,0,ast-0.57.0,0,20857476,0,,0731434a-eecf-409a-8b7b-4df62574585c,819,207053,0,---,---,0,0,0,0,0,u,1,19,0,0,---,1,98004,1,,,,1694970000000,0,,0,,0,0,0,0,[],0,98004-4605,[],0,0,-1,3965
6.55496200357133E+018,1694971461,-4,300,250,1,0,imp,5,4,0,0,1.00000049E-05,1.00000049E-05,0.009999999776483,0.009999999776483,1,0,-1,6.53479710094737E+018,71.71.88.122,71.71.88.0,US,NC,137,8,1,0,3659,2063832,5910736,diabetesfoodhub.org,24438289,0,0,1E-05,0.8,2520116,USD,USD,1,0,0,3659,5866478,1,42,0,8614417,21890593,0,451123622,25,0,1,0,587,0,0,0,0,0,0,0,0,0,0,,,cpm,0,0,0,0,0,0,0,0,USD,USD,1,,,,0,358,0,2,---,0,ast-0.57.0,0,23899235,0,,91438fc3-b0ca-473c-97f5-c11da1b37187,517,194949,0,---,---,0,0,0,0,0,u,1,2,0,0,---,1,28115,1,,,,1694970000000,0,,0,,0,0,0,0,[],0,28115-5722,[],0,0,-1,3951
1.77924900643039E+018,1694973431,1,320,50,1,0,imp,4,0,0,-1,0,0,34.9500007629395,0.009999999776483,1,0,-1,0,172.226.0.9,172.226.0.0,GB,H9,449,9,1,0,3659,2063927,5911106,aad.org,24435057,0,0,0,0.5,0,USD,USD,1,0,0,3659,0,1,-2,-2,0,0,0,344600732,-2,-2,1,0,0,2,0,0,0,0,0,0,0,0,0,,,---,0,0,0,0,0,0,0,0,USD,USD,1,,,,301,1,0,3,---,1,ast-0.57.0,0,0,1,,87005ade-9dd0-40ef-bec5-0d11d52ddb45,2669,104216,0,---,---,0,0,0,0,0,u,1,0,0,0,--,2,EC2N 3AR,0,,,,1694970000000,0,,0,,0,0,0,0,[],26,EC2N 3AR,[],0,0,-1,1195
9.84329523338183E+017,1694973555,-4,728,90,1,0,imp,5,4,0,0,1.00000049E-05,1.00000049E-05,0.009999999776483,0.009999999776483,1,0,-1,1.91131617657556E+018,71.183.82.184,71.183.82.0,US,NY,452,8,1,0,3659,2063832,5911347,diabetesjournals.org,24438294,0,0,1E-05,0.8,2520116,USD,USD,1,0,0,3659,5866478,1,0,0,8699729,22095874,0,455279436,0,0,1,0,73,0,0,0,0,0,0,0,0,0,0,,,cpm,0,0,0,0,0,0,9.44524072110653E-05,0,USD,USD,1,,,,0,1,0,2,---,0,ast-0.57.0,0,24222379,0,,527aa859-3587-4e46-bf6c-c1bd5b74805c,501,198056,0,---,---,0,0,0,0,0,u,1,2,0,0,---,1,10530,1,,,,1694970000000,0,,0,,0,0,0,0,[],0,10530-2945,[],0,0,-1,3950
5.4428903689479E+017,1694970829,-4,160,600,1,0,imp,5,4,0,0,1.00000049E-05,1.00000049E-05,0.009999999776483,0.009999999776483,1,0,-1,8.63037851282009E+018,172.58.133.166,172.58.133.0,US,FL,228,8,1,0,3659,2063832,5911347,diabetesjournals.org,24438291,0,0,1E-05,0.8,2520116,USD,USD,1,0,0,3659,5866478,1,0,0,8699729,22095874,0,455279426,0,0,1,0,834,0,0,0,0,0,0,0,0,0,0,,,cpm,0,0,0,0,0,0,7.8913290053606E-05,0,USD,USD,1,,,,8613,55,0,2,---,1,ast-0.57.0,0,24222379,0,,0a97564b-cdb6-4bac-9f27-db8e2e634dae,528,183498,0,---,---,0,0,0,0,0,u,1,2,0,0,---,2,33018,1,,,,1694970000000,0,,0,,0,0,0,0,[],440,33018-1660,[],0,0,-1,3927
5.51746738613639E+018,1694971990,-4,320,50,1,0,imp,4,0,0,-1,0,0,40,40,1,0,-1,-1,174.238.102.0,174.238.102.0,US,NC,228,8,1,0,3659,2063814,5910684,drugs.com,24425826,0,0,0,0.6,0,USD,USD,1,0,0,3659,0,1,-2,-2,0,0,0,445707623,-2,-2,1,0,-1,2,0,0,0,0,0,0,0,0,0,,,---,0,0,0,0,0,0,0,0,USD,USD,1,,,,8613,14,0,3,---,1,ast-0.57.0,0,0,1,,4961d4bf-ddce-4bfa-bd7e-abd7efa12f4b,545,194971,0,---,---,0,0,0,0,0,u,1,0,0,0,--,2,---,0,,,,1694970000000,0,,0,,0,0,0,0,[],440,,[],0,0,-1,3951
2.27341792006533E+018,1694973481,-4,320,50,1,0,imp,5,4,0,0,1.00000049E-05,1.00000049E-05,34.9500007629395,0.009999999776483,1,0,-1,0,104.28.79.153,104.28.79.0,US,NY,406,9,1,0,3659,2063927,5911106,aad.org,24435057,0,0,1E-05,0.5,2520213,USD,USD,1,0,0,3659,5866150,1,-1,-1,7451901,21765019,0,448374908,-1,-1,1,0,-1,0,0,0,0,0,0,0,0,0,0,,,cpm,0,0,0,0,0,0,0,0,USD,USD,1,,,,301,1,0,2,---,1,ast-0.57.0,0,18639440,0,,df7f9d13-a148-4168-b531-2d323955ce0b,501,198423,0,---,---,0,0,0,0,0,u,1,2,0,0,---,2,10025,1,,,,1694970000000,0,,0,,0,0,0,0,[],26,10025-4919,[],0,0,-1,3950
6.81012656635405E+018,1694971135,-7,300,250,1,0,imp,5,4,19.2,0,999.900514365074,999,23.9899997711182,23.9899997711182,1,0,-1,0,104.28.85.115,104.28.85.0,US,CA,464,9,1,0,3659,2063832,5910736,diabetes.org,24426047,0,0,24.00001,0.8,2520116,USD,USD,1,0,0,3659,6114594,7864,-1,-1,7906745,22314892,0,408447921,-1,-1,1,0,-1,0,0,0,0,0,0,0,0,0,0,,,cpm,0.024,0.024,0,0,0,0,0,0,USD,USD,1,,,,301,1,0,2,---,1,ast-0.57.0,0,20857802,0,,5b5a82f5-8fe4-4cb4-975d-726195b80702,803,181953,0,---,---,0,0,0,0,0,u,1,18,0,0,---,2,90011,1,,,,1694970000000,0,,0,,0,0,0,0,[],26,90011-5700,[],0,0,-1,3922
9.14976287873328E+018,1694972205,-5,300,250,1,0,imp,5,4,0,0,1.00000049E-05,1.00000049E-05,0.009999999776483,0.009999999776483,1,0,-1,0,104.28.97.15,104.28.97.0,US,IL,236,9,1,0,3659,2063832,5910736,diabetesfoodhub.org,24438289,0,0,1E-05,0.8,2520116,USD,USD,1,0,0,3659,5866478,1,-1,-1,8614417,21890593,0,451123622,-1,-1,1,0,-1,0,0,0,0,0,0,0,0,0,0,,,cpm,0,0,0,0,0,0,0,0,USD,USD,1,,,,0,1,0,2,---,0,ast-0.57.0,0,23899235,0,,2c9e4f61-485e-4fae-8651-0caa1f59473a,602,185967,0,---,---,0,0,0,0,0,u,1,2,0,0,---,1,60629,1,,,,1694970000000,0,,0,,0,0,0,0,[],0,60629-3728,[],0,0,-1,3931
3.96181752291451E+018,1694970766,-4,300,250,1,0,imp,5,4,0.006,0,0.0100000049,0.0100000049,0.009999999776483,0.009999999776483,1,0,-1,0,104.28.58.2,104.28.58.0,US,NY,391,9,1,0,3659,2063814,5910684,drugs.com,24425725,0,0,0.01,0.6,2520094,USD,USD,1,0,0,3659,7326720,1,-1,-1,8539672,21696230,0,447102000,-1,-1,1,0,-1,0,0,0,0,0,0,0,0,0,0,,,cpm,1E-05,1E-05,0,0,0,0,0,0,USD,USD,1,,,,301,1,0,2,---,1,ast-0.57.0,0,23593594,0,,907d5066-ba74-45d1-a38c-4e83d416c3fc,501,198423,0,---,---,0,0,0,0,0,u,1,2,0,0,---,2,10025,1,,,,1694970000000,0,,0,,0,0,0,0,[],26,10025-4919,[],0,0,-1,3950
4.21328457089818E+018,1694971380,-4,320,50,1,0,imp,5,4,17.5,0,0.04000001870593,0.04000001870593,34.9500007629395,0.009999999776483,1,0,-1,0,104.28.132.121,104.28.132.0,US,NY,449,9,1,0,3659,2063927,5911106,aad.org,24435057,0,0,35.00002,0.5,2520213,USD,USD,1,0,0,3659,6980738,1,-1,-1,7904194,21453431,0,407803202,-1,-1,1,0,-1,0,0,0,0,0,0,0,0,0,0,,,cpm,0.035,0.035,0,0,0,0,0,0,USD,USD,1,,,,301,1,0,2,---,1,ast-0.57.0,0,20842045,0,,be43692f-ad0b-4964-9af6-cf209444bfd3,501,198423,0,---,---,0,0,0,0,0,u,1,16,0,0,---,2,10025,1,,,,1694970000000,0,,0,,0,0,0,0,[],26,10025-4919,[],0,0,-1,3950
9.11706913444565E+018,1694973395,-4,320,50,1,1,imp,7,0,14.18625,0,14.18625,14.8910970600167,5.80000019073486,0.636,1,0,-1,6.70253374651638E+018,72.139.206.120,72.139.206.0,CA,ON,390,8,1,0,13293,2307966,0,play.google.com/store/apps/details?id=conquer.the.tower.castle.battle,30272806,0,0,0,0,0,,,0,0,0,3659,5779619,1,527,6,8204783,22427640,0,429688006,527,6,1,0,618,0,0,0,0,0,0,0,0,0,0,,,cpm,0.03,0.03,0,0,0.001702350599401,0,0,0,USD,USD,1,43.7627,-79.7606,5-5abd06d0-bb7f-482d-869b-e0297d33d61b,102733,1,0,1,conquer.the.tower.castle.battle,2,2.2.0,0,22292341,0,---,f5f70ef9-fd6c-4f8d-82cd-fbeaf72abb6e,1031,23497,3092236,---,---,0,0,0,0,0,u,0,0,0,0,---,2,L9H 5M4,1,,,,1694970000000,0,0,0,,0,0,0,0,[],361,L9H 5M4,[],225000,0,-1,562
7.66287832936269E+018,1694972103,-4,300,600,1,1,imp,7,0,4.70588,0,4.70588,4.8500023765,0.5,0.5,1,0,-1,6.70374917799397E+018,---,---,US,NC,457,9,1,0,459,366999,0,medicalnewstoday.com,23832415,0,0,0,0,0,,,0,0,0,3659,7326720,1387191,0,0,8065208,22426536,0,461327597,0,0,1,0,229,0,0,0,0,0,0,0,0,0,0,,,cpm,0.00485,0.00485,0,0,0.000564705882353,0,0,0,USD,USD,1,,,,300,1,1737031,1,---,1,---,0,21719103,0,---,2b4ee026-c54f-431b-9773-97b774d8b792,517,194612,0,---,---,2,0,0,0,0,u,0,0,0,0,---,3,28269,1,,,,1694970000000,0,,0,,0,0,0,0,"[{identity_type:11,identity_value:},{identity_type:9955,identity_value:},{identity_type:9957,identity_value:}]",26,28269-0115,"[{id_type:11,id_value:},{id_type:9955,id_value:},{id_type:9957,id_value:}]",0,0,-1,3951
6.03000151035977E+018,1694971598,-4,320,50,1,0,imp,5,4,0,0,1.00000049E-05,1.00000049E-05,34.9500007629395,0.009999999776483,1,0,-1,0,104.28.57.252,104.28.57.0,US,NY,464,9,1,0,3659,2063927,5911106,aad.org,24435057,0,0,1E-05,0.5,2520213,USD,USD,1,0,0,3659,5866150,1,-1,-1,7451901,21765019,0,448374908,-1,-1,1,0,-1,0,0,0,0,0,0,0,0,0,0,,,cpm,0,0,0,0,0,0,0,0,USD,USD,1,,,,301,1,0,2,---,1,ast-0.57.0,0,18639440,0,,707fb4fe-a5d9-44cb-bf5f-75dd8e958846,501,198423,0,---,---,0,0,0,0,0,u,1,2,0,0,---,2,10025,1,,,,1694970000000,0,,0,,0,0,0,0,[],26,10025-4919,[],0,0,-1,3950
1.5060411860227E+018,1694972320,-4,300,250,1,0,imp,7,0,2.47259,0,2.47259,3.11215314772651,9.47999954223633,1.08000004291534,1,0,-1,6.78807975483927E+018,104.28.77.0,104.28.77.0,US,NC,464,9,0,0,8241,1037255,0,webmd.com,21433905,0,0,0,0,0,,,0,0,0,3659,6980738,1209086,-1,-1,7904194,21453567,0,423668687,-1,-1,1,0,341,0,0,0,0,0,0,0,0,0,0,,,cpm,0.01,0.01,0,0,0.000296710311469,0,0,0,USD,USD,1,,,,301,1,0,1,---,1,---,0,20842045,0,---,8f838931-f8ab-4ce8-9dac-c295d8373262,518,194767,0,---,---,0,0,0,0,0,u,0,0,0,0,---,2,27410,1,,,,1694970000000,0,,0,,0,0,0,0,"[{identity_type:9955,identity_value:},{identity_type:9957,identity_value:}]",26,27410-2709,"[{id_type:9955,id_value:},{id_type:9957,id_value:}]",30000,0,-1,3951
5.2859233596258E+018,1694970835,-4,728,90,1,0,imp,5,4,0,0,1.00000049E-05,1.00000049E-05,34.9500007629395,0.009999999776483,1,0,-1,0,172.225.246.8,172.225.246.0,US,GA,236,9,1,0,3659,2063927,5911106,aad.org,24435057,0,0,1E-05,0.5,2520213,USD,USD,1,0,0,3659,5866150,1,-1,-1,7451901,21765019,0,448374909,-1,-1,1,0,-1,0,0,0,0,0,0,0,0,0,0,,,cpm,0,0,0,0,0,0,0,0,USD,USD,1,,,,0,1,0,1,---,0,ast-0.57.0,0,18639440,0,,5a60201b-3cd3-46c3-ad12-f50510123374,524,183861,0,---,---,0,0,0,0,0,u,1,2,0,0,---,1,30349,1,,,,1694970000000,0,,0,,0,0,0,0,[],0,30349-2947,[],0,0,-1,3928
5.4853326195399E+018,1694970089,8,320,50,1,0,imp,4,0,0,-1,0,0,34.9500007629395,0.009999999776483,1,0,-1,1.30974391113669E+018,111.90.197.115,111.90.197.0,PH,13,286,8,1,0,3659,2063927,5911106,aad.org,24435057,0,0,0,0.5,0,USD,USD,1,0,0,3659,0,1,-2,-2,0,0,0,344600732,-2,-2,1,0,497,2,0,0,0,0,0,0,0,0,0,,,---,0,0,0,0,0,0,0,0,USD,USD,1,,,,102453,1,0,3,---,1,ast-0.57.0,0,0,1,,876f6f28-0eac-4e8e-972f-a92fdd283679,1,268742,0,---,---,0,0,0,0,0,u,1,0,0,0,--,2,3000,0,,,,1694970000000,0,,0,,0,0,0,0,[],313,,[],0,0,-1,2918
1.06137140821215E+018,1694973375,-4,300,250,1,1,imp,7,0,10,0,10,10.0000049,12.8900003433228,1.70000004768372,1,0,-1,8.25176509712561E+018,45.16.249.35,45.16.249.0,US,SC,137,8,1,0,11664,2292077,0,mail.yahoo.com,29994637,0,0,0,0,0,,,0,0,0,3659,5896069,1101020,0,0,6973636,22562181,0,439816076,0,0,1,0,46,0,0,0,0,0,0,0,0,0,0,,,cpm,0.005,0.005,0,0,0.0012,0,0,0,USD,USD,1,,,,0,1,0,1,---,0,---,0,16823118,0,---,3784a8d8-9c12-401b-b68c-0815dfb6bc5f,519,203037,0,---,---,0,0,0,0,0,u,0,0,0,0,---,1,29445,1,,,,1694970000000,0,,0,,0,0,0,0,[],0,29445-9653,[],0,0,-1,3958
2.14000096048589E+018,1694973439,-4,320,50,1,0,imp,4,0,0,-1,0,0,0.5,0.5,1,0,-1,0,104.28.133.24,104.28.133.0,CA,ON,464,9,1,0,3659,2063929,5911110,familydoctor.org,24435085,0,0,0,0.5,0,USD,USD,1,0,0,3659,0,1,-2,-2,0,0,0,344628957,-2,-2,1,0,0,2,0,0,0,0,0,0,0,0,0,,,---,0,0,0,0,0,0,0,0,USD,USD,1,,,,301,1,0,3,---,1,ast-0.57.0,0,0,1,,aa9be82b-287c-4e19-ac36-d719bebd8da8,1030,23917,0,---,---,0,0,0,0,0,u,1,0,0,0,--,2,M6C 1C7,0,,,,1694970000000,0,,0,,0,0,0,0,[],26,M6C 1C7,[],0,0,-1,562
4.4587352794152E+018,1694971507,-4,300,250,1,0,imp,5,4,0,0,1.00000049E-05,1.00000049E-05,0.009999999776483,0.009999999776483,1,0,-1,0,172.225.174.135,172.225.174.0,US,MA,236,9,1,0,3659,2063832,5910736,diabetesfoodhub.org,24438289,0,0,1E-05,0.8,2520116,USD,USD,1,0,0,3659,5866478,1,-1,-1,8614417,21890593,0,451123622,-1,-1,1,0,-1,0,0,0,0,0,0,0,0,0,0,,,cpm,0,0,0,0,0,0,0,0,USD,USD,1,,,,0,1,0,2,---,0,ast-0.57.0,0,23899235,0,,2afdfe9f-b61b-427a-9bcc-ad9812141703,506,189727,0,---,---,0,0,0,0,0,u,1,2,0,0,---,1,2108,1,,,,1694970000000,0,,0,,0,0,0,0,[],0,02108-1027,[],0,0,-1,3939
1.54835133969238E+017,1694972082,-4,160,600,1,0,imp,5,4,0,0,1.00000049E-05,1.00000049E-05,0.009999999776483,0.009999999776483,1,0,-1,8.56586032568683E+018,104.59.46.13,104.59.46.0,US,SC,236,8,1,0,3659,2063832,5911347,diabetesjournals.org,24438291,0,0,1E-05,0.8,2520116,USD,USD,1,0,0,3659,5866478,1,0,0,8805045,22317762,0,459802501,0,0,1,0,745,0,0,0,0,0,0,0,0,0,0,,,cpm,0,0,0,0,0,0,0,0,USD,USD,1,,,,0,1,0,1,---,0,ast-0.57.0,0,24586209,0,,f5962262-2179-43e3-8389-dac93b64fea9,517,202972,0,---,---,0,0,0,0,0,u,1,2,0,0,---,1,29710,1,,,,1694970000000,0,,0,,0,0,0,0,[],0,29710-8140,[],0,0,-1,3958
6.40575853485009E+018,1694973128,-4,300,250,1,0,imp,5,4,0,0,1.00000049E-05,1.00000049E-05,0.009999999776483,0.009999999776483,1,0,-1,0,104.28.57.253,104.28.57.0,US,NY,464,9,1,0,3659,2063832,5910736,diabetesfoodhub.org,24438289,0,0,1E-05,0.8,2520116,USD,USD,1,0,0,3659,5866478,1,-1,-1,8614417,21890593,0,451123622,-1,-1,1,0,-1,0,0,0,0,0,0,0,0,0,0,,,cpm,0,0,0,0,0,0,0,0,USD,USD,1,,,,301,1,0,1,---,1,ast-0.57.0,0,23899235,0,,a496a44d-3c5c-4976-bb97-e64eaf5e8ad5,501,198423,0,---,---,0,0,0,0,0,u,1,2,0,0,---,2,10025,1,,,,1694970000000,0,,0,,0,0,0,0,[],26,10025-4919,[],0,0,-1,3950
8.84465544143946E+018,1694970676,-5,300,250,1,0,imp,5,4,0.006,0,0.0100000049,0.0100000049,0.009999999776483,0.009999999776483,1,0,-1,0,104.28.97.20,104.28.97.0,US,IL,464,9,1,0,3659,2063814,5910684,drugs.com,24425725,0,0,0.01,0.6,2520094,USD,USD,1,0,0,3659,7326720,1,-1,-1,8539672,21696230,0,447102000,-1,-1,1,0,-1,0,0,0,0,0,0,0,0,0,0,,,cpm,1E-05,1E-05,0,0,0,0,0,0,USD,USD,1,,,,301,1,0,2,---,1,ast-0.57.0,0,23593594,0,,3e2a5af7-82f6-4592-a58f-e4aaa56cb89b,602,185967,0,---,---,0,0,0,0,0,u,1,2,0,0,---,2,60629,1,,,,1694970000000,0,,0,,0,0,0,0,[],26,60629-3728,[],0,0,-1,3931
3.72345565249223E+018,1694973070,5,300,250,1,0,imp,4,0,0,-1,0,0,0.5,0.5,1,0,-1,1.24646660198436E+018,101.0.33.66,101.0.33.0,IN,23,228,8,1,0,3659,2063929,5911110,familydoctor.org,24435085,0,0,0,0.5,0,USD,USD,1,0,0,3659,0,1,-2,-2,0,0,0,344629169,-2,-2,1,0,752,2,0,0,0,0,0,0,0,0,0,,,---,0,0,0,0,0,0,0,0,USD,USD,1,,,,8613,1,0,3,---,1,ast-0.57.0,0,0,1,,540ff6c8-e751-4d96-9f77-f41420714c5a,1,117945,0,---,---,0,0,0,0,0,u,1,0,0,0,--,2,143001,0,,,,1694970000000,0,,0,,0,0,0,0,[],440,,[],0,0,-1,1757
6.30682950762808E+018,1694973554,9,728,90,1,0,imp,4,0,0,-1,0,0,34.9500007629395,0.009999999776483,1,0,-1,0,121.45.94.162,121.45.94.0,AU,5,236,8,1,0,3659,2063927,5911106,aad.org,24435057,0,0,0,0.5,0,USD,USD,1,0,0,3659,0,1,-2,-2,0,0,0,344599433,-2,-2,1,0,0,2,0,0,0,0,0,0,0,0,0,,,---,0,0,0,0,0,0,0,0,USD,USD,1,,,,0,1,0,3,---,0,ast-0.57.0,0,0,1,,d9babdfa-f882-4ea7-a5e4-1ceca5e8854b,947,218451,0,---,---,0,0,0,0,0,u,1,0,0,0,--,1,5107,0,,,,1694970000000,0,,0,,0,0,0,0,[],0,,[],0,0,-1,139
8.04079858374066E+018,1694970859,-4,320,50,1,0,imp,5,4,0,0,1.00000049E-05,1.00000049E-05,34.9500007629395,0.009999999776483,1,0,-1,1.03650437507445E+018,12.37.176.130,12.37.176.0,US,GA,228,8,1,0,3659,2063927,5911106,aad.org,24435057,0,0,1E-05,0.5,2520213,USD,USD,1,0,0,3659,5866150,1,1,0,7451901,21765019,0,448374908,1,0,1,0,871,0,0,0,0,0,0,0,0,0,0,,,cpm,0,0,0,0,0,0,0,0,USD,USD,1,,,,8613,1,0,2,---,1,ast-0.57.0,0,18639440,0,,45190593-4bdf-46ac-acae-738a1cfedc65,524,184417,0,---,---,0,0,0,0,0,u,1,2,0,0,---,2,30669,1,,,,1694970000000,0,,0,,0,0,0,0,[],440,30669-2608,[],0,0,-1,3928
6.93750649646477E+018,1694971884,-7,320,50,1,0,imp,5,4,0,0,1.00000049E-05,1.00000049E-05,0.009999999776483,0.009999999776483,1,0,-1,0,104.28.111.144,104.28.111.0,US,CA,236,9,1,0,3659,2063832,5911347,diabetesjournals.org,24438291,0,0,1E-05,0.8,2520116,USD,USD,1,0,0,3659,5866478,1,-1,-1,8805045,22317762,0,459802357,-1,-1,1,0,-1,0,0,0,0,0,0,0,0,0,0,,,cpm,0,0,0,0,0,0,0,0,USD,USD,1,,,,0,1,0,2,---,0,ast-0.57.0,0,24586209,0,,fd259b4b-5074-41cf-aa1a-5eb173bca224,803,181953,0,---,---,0,0,0,0,0,u,1,2,0,0,---,1,90011,1,,,,1694970000000,0,,0,,0,0,0,0,[],0,90011-5700,[],0,0,-1,3922
3.06498953160088E+018,1694973048,-4,320,50,1,0,imp,5,4,0,0,1.00000049E-05,1.00000049E-05,0.009999999776483,0.009999999776483,1,0,-1,0,173.66.190.170,173.66.190.0,US,MD,396,9,1,0,3659,2063832,5911347,diabetesjournals.org,24438291,0,0,1E-05,0.8,2520116,USD,USD,1,0,0,3659,5866478,1,-1,-1,8805045,22317762,0,459802357,-1,-1,1,0,-1,0,0,0,0,0,0,0,0,0,0,,,cpm,0,0,0,0,0,0,0,0,USD,USD,1,,,,301,1,0,2,---,1,ast-0.57.0,0,24586209,0,,27516cec-8038-4fbc-a878-7a7911d374a9,511,190276,0,---,---,0,0,0,0,0,u,1,2,0,0,---,2,20815,1,,,,1694970000000,0,,0,,0,0,0,0,[],26,20815-4173,[],0,0,-1,3938
4.15477181258567E+018,1694971651,-5,160,600,1,0,imp,5,4,0,0,1.00000049E-05,1.00000049E-05,0.009999999776483,0.009999999776483,1,0,-1,0,172.225.66.1,172.225.66.0,US,IL,421,9,1,0,3659,2063832,5911347,diabetesjournals.org,24438294,0,0,1E-05,0.8,2520116,USD,USD,1,0,0,3659,5866478,1,-1,-1,8331154,21186096,0,436864663,-1,-1,1,0,-1,0,0,0,0,0,0,0,0,0,0,,,cpm,0,0,0,0,0,0,0,0,USD,USD,1,,,,301,1,0,2,---,1,ast-0.57.0,0,22813998,0,,614c170e-e43b-43a2-be13-c0f1129fd462,602,185967,0,---,---,0,0,0,0,0,u,1,2,0,0,---,2,60629,1,,,,1694970000000,0,,0,,0,0,0,0,[],26,60629-3728,[],0,0,-1,3931
1.26985938481579E+017,1694971441,-5,320,50,1,0,imp,5,4,0,0,1.00000049E-05,1.00000049E-05,34.9500007629395,0.009999999776483,1,0,-1,0,98.170.230.31,98.170.230.0,US,FL,236,9,1,0,3659,2063927,5911106,aad.org,24435057,0,0,1E-05,0.5,2520213,USD,USD,1,0,0,3659,5866150,1,-1,-1,7451901,21765019,0,448374908,-1,-1,1,0,-1,0,0,0,0,0,0,0,0,0,0,,,cpm,0,0,0,0,0,0,0,0,USD,USD,1,,,,0,1,0,2,---,0,ast-0.57.0,0,18639440,0,,56e9099a-5753-4446-8d18-f9ece9e6a828,686,183399,0,---,---,0,0,0,0,0,u,1,2,0,0,---,1,32536,1,,,,1694970000000,0,,0,,0,0,0,0,[],0,,[],0,0,-1,3927
1.73509148091083E+018,1694970325,-4,300,250,1,0,imp,4,0,0,-1,0,0,0.5,0.5,1,0,-1,0,71.10.149.158,71.10.149.0,US,MI,457,9,1,0,3659,2063929,5911110,familydoctor.org,24435085,0,0,0,0.5,0,USD,USD,1,0,0,3659,0,1,-2,-2,0,0,0,344629169,-2,-2,1,0,0,2,0,0,0,0,0,0,0,0,0,,,---,0,0,0,0,0,0,0,0,USD,USD,1,,,,300,1,0,3,---,1,ast-0.57.0,0,0,1,,3fad89d2-4935-4ed1-a6fb-a2df7957fa71,513,191623,0,---,---,0,0,0,0,0,u,1,0,0,0,--,3,48642,0,,,,1694970000000,0,,0,,0,0,0,0,[],26,48642-3230,[],0,0,-1,3940
5.41295443946812E+018,1694971474,-5,728,90,1,0,imp,5,4,0,0,1.00000049E-05,1.00000049E-05,0.009999999776483,0.009999999776483,1,0,-1,5.16121235252792E+018,24.42.197.233,24.42.197.0,US,AL,137,19,1,0,3659,2063832,5911347,diabetesjournals.org,24438291,0,0,1E-05,0.8,2520116,USD,USD,1,0,0,3659,5866478,1,15,117534,8331154,21186096,0,436864656,0,0,1,0,192,0,0,0,0,0,0,0,0,0,0,,,cpm,0,0,0,0,0,0,0,0,USD,USD,1,,,,0,1,0,2,---,0,ast-0.57.0,0,22813998,0,,743c7f3a-b306-4091-bf4f-c56e04215752,691,180240,0,---,---,0,0,0,0,0,u,1,2,0,0,---,1,35758,1,,,,1694970000000,0,,0,,0,0,0,0,[],0,35758-1270,[],0,0,-1,3918
4.15363850949661E+018,1694972745,-5,320,50,1,0,imp,4,0,0,-1,0,0,0.5,0.5,1,0,-1,1.95348963342252E+018,187.189.72.26,187.189.72.0,MX,15,228,8,3,0,3659,2063929,5911110,familydoctor.org,24435085,0,0,0,0.5,0,USD,USD,1,0,0,3659,0,1,-2,-2,0,0,0,344628957,-2,-2,1,0,2,2,0,0,0,0,0,0,0,0,0,,,---,0,0,0,0,0,0,0,0,USD,USD,1,,,,8613,1,0,3,---,1,ast-0.57.0,0,0,1,,da3590a7-90fd-4ec4-9d70-6622566f34e9,1,245848,0,---,---,0,0,0,0,0,u,1,0,0,0,--,2,55055,0,,,,1694970000000,0,,0,,0,0,0,0,[],440,,[],0,0,-1,2613
1.97815994697368E+018,1694971221,1,728,90,1,0,imp,4,0,0,-1,0,0,34.9500007629395,0.009999999776483,1,0,-1,7.72014772011128E+018,94.192.6.228,94.192.6.0,GB,K2,137,19,1,0,3659,2063927,5911106,aad.org,24435057,0,0,0,0.5,0,USD,USD,1,0,0,3659,0,1,-2,-2,0,0,0,344599433,-2,-2,1,0,72,2,0,0,0,0,0,0,0,0,0,,,---,0,0,0,0,0,0,0,0,USD,USD,1,,,,0,360,0,3,---,0,ast-0.57.0,0,0,1,,b695be08-427f-4585-837d-dcbed35830a5,2670,105150,0,---,---,0,0,0,0,0,u,1,0,0,0,--,1,OX11 7HS,0,,,,1694970000000,0,,0,,0,0,0,0,[],0,OX11 7HS,[],0,0,-1,1215
7.71608415372543E+018,1694972375,-4,320,50,1,0,imp,5,4,17.5,0,0.04000001870593,0.04000001870593,34.9500007629395,0.009999999776483,1,0,-1,5.06659643202739E+018,192.198.57.88,192.198.57.0,US,IN,228,8,1,0,3659,2063927,5911106,aad.org,24435057,0,0,35.00002,0.5,2520213,USD,USD,1,0,0,3659,6980738,1,0,0,7904194,21453431,0,407803202,0,0,1,0,11,0,0,0,0,0,0,0,0,0,0,,,cpm,0.035,0.035,0,0,0,0,0,0,USD,USD,1,,,,8613,1,0,1,---,1,ast-0.57.0,0,20842045,0,,6bb78b4a-30ac-4df8-ad23-3eae03599d93,527,187288,0,---,---,0,0,0,0,0,u,1,16,0,0,---,2,46135,1,,,,1694970000000,0,,0,,0,0,0,0,[],440,46135-1243,[],0,0,-1,3932
3.46562868481812E+018,1694971458,-4,320,50,1,0,imp,5,4,17.5,0,0.04000001870593,0.04000001870593,34.9500007629395,0.009999999776483,1,0,-1,0,174.242.143.106,174.242.143.0,US,RI,437,9,1,0,3659,2063927,5911106,aad.org,24435057,0,0,35.00002,0.5,2520213,USD,USD,1,0,0,3659,6980738,1,-1,-1,7904194,21453431,0,407803202,-1,-1,1,0,-1,0,0,0,0,0,0,0,0,0,0,,,cpm,0.035,0.035,0,0,0,0,0,0,USD,USD,1,,,,301,14,0,2,---,1,ast-0.57.0,0,20842045,0,,bf754a9b-5a39-4817-ab0d-6224b0f325b4,521,202899,0,---,---,0,0,0,0,0,u,1,16,0,0,---,2,2886,1,,,,1694970000000,0,,0,,0,0,0,0,[],26,02886-6803,[],0,0,-1,3957
4.99402162848769E+017,1694970658,-4,300,250,1,0,imp,5,4,0.006,0,0.0100000049,0.0100000049,0.009999999776483,0.009999999776483,1,0,-1,0,107.77.235.173,107.77.235.0,US,GA,375,8,1,0,3659,2063814,5910684,drugs.com,24425725,0,0,0.01,0.6,2520094,USD,USD,1,0,0,3659,7326720,1,-1,-1,8539672,21696230,0,447102000,-1,-1,1,0,-1,0,0,0,0,0,0,0,0,0,0,,,cpm,1E-05,1E-05,0,0,0,0,0,0,USD,USD,1,,,,300,60,0,2,---,1,ast-0.57.0,0,23593594,0,,b6886ce5-f061-4c1c-9eaa-1c490a2a6c55,520,183864,0,---,---,0,0,0,0,0,u,1,2,0,0,---,3,30904,1,,,,1694970000000,0,,0,,0,0,0,0,[],26,30904-5053,[],0,0,-1,3928
8.21250943807169E+017,1694971855,-5,320,50,1,0,imp,7,0,1.89236,0,1.89236,3.01454691780109,6.98000001907349,2.04999995231628,1,0,-1,0,172.225.216.64,172.225.216.0,US,IL,464,9,1,0,7090,0,0,verywellhealth.com,0,0,0,0,0,0,,,0,0,0,3659,6980738,359987,-1,-1,7904194,21453567,0,423668801,-1,-1,1,0,-1,0,0,0,0,0,0,0,0,0,0,,,cpm,0.01,0.01,0,0,0.000227083687658,0,0,0,USD,USD,1,,,,301,1,0,1,---,1,pbjs-7.54.5,0,20842045,0,---,817efc78-d21a-4e31-af0b-08b79bd83fa5,602,185967,0,---,---,0,0,0,0,0,u,0,0,0,0,---,2,60629,1,,,,1694970000000,0,,0,,0,0,0,0,[],26,60629-3728,[],30000,0,-1,3931
9.01015623083504E+018,1694970924,-5,320,50,1,0,imp,5,4,17.5,0,0.04000001870593,0.04000001870593,34.9500007629395,0.009999999776483,1,0,-1,0,104.28.97.22,104.28.97.0,US,IL,449,9,1,0,3659,2063927,5911106,aad.org,24435057,0,0,35.00002,0.5,2520213,USD,USD,1,0,0,3659,6980738,1,-1,-1,7904194,21453431,0,407803202,-1,-1,1,0,-1,0,0,0,0,0,0,0,0,0,0,,,cpm,0.035,0.035,0,0,0,0,0,0,USD,USD,1,,,,301,1,0,2,---,1,ast-0.57.0,0,20842045,0,,bc3879f1-a9ae-4c25-bfec-16c897d11cb6,602,185967,0,---,---,0,0,0,0,0,u,1,16,0,0,---,2,60629,1,,,,1694970000000,0,,0,,0,0,0,0,[],26,60629-3728,[],0,0,-1,3931
7.54134358693026E+018,1694971086,-6,320,50,1,0,imp,4,0,0,-1,0,0,34.9500007629395,0.009999999776483,1,0,-1,0,71.17.130.91,71.17.130.0,CA,SK,449,8,1,0,3659,2063927,5911106,aad.org,24435057,0,0,0,0.5,0,USD,USD,1,0,0,3659,0,1,-2,-2,0,0,0,344600732,-2,-2,1,0,0,2,0,0,0,0,0,0,0,0,0,,,---,0,0,0,0,0,0,0,0,USD,USD,1,,,,301,1,0,3,---,1,ast-0.57.0,0,0,1,,8026e168-d5ec-4b98-9b96-0e98df756cfa,1063,24931,0,---,---,0,0,0,0,0,u,1,0,0,0,--,2,S4N 1S6,0,,,,1694970000000,0,,0,,0,0,0,0,[],26,S4N 1S6,[],0,0,-1,565
6.14537084178889E+018,1694971761,-5,320,50,1,0,imp,4,0,0,-1,0,0,0.5,0.5,1,0,-1,0,104.28.103.129,104.28.103.0,US,NE,464,9,1,0,3659,2063929,5911110,familydoctor.org,24435085,0,0,0,0.5,0,USD,USD,1,0,0,3659,0,1,-2,-2,0,0,0,344628957,-2,-2,1,0,0,2,0,0,0,0,0,0,0,0,0,,,---,0,0,0,0,0,0,0,0,USD,USD,1,,,,301,1,0,3,---,1,ast-0.57.0,0,0,1,,3e8a8dc7-ba8e-4d51-8fe7-02303bb31722,652,195984,0,---,---,0,0,0,0,0,u,1,0,0,0,--,2,68104,0,,,,1694970000000,0,,0,,0,0,0,0,[],26,68104-3512,[],0,0,-1,3945
9.19555912674916E+018,1694973365,-7,320,50,1,0,imp,5,4,0,0,1.00000049E-05,1.00000049E-05,34.9500007629395,0.009999999776483,1,0,-1,0,104.28.85.119,104.28.85.0,US,CA,464,9,1,0,3659,2063927,5911106,aad.org,24435057,0,0,1E-05,0.5,2520213,USD,USD,1,0,0,3659,5866150,1,-1,-1,7451901,21765019,0,448374908,-1,-1,1,0,-1,0,0,0,0,0,0,0,0,0,0,,,cpm,0,0,0,0,0,0,0,0,USD,USD,1,,,,301,1,0,2,---,1,ast-0.57.0,0,18639440,0,,e7e04f4b-abee-48f7-93cb-5a405cbb0eef,803,181953,0,---,---,0,0,0,0,0,u,1,2,0,0,---,2,90011,1,,,,1694970000000,0,,0,,0,0,0,0,[],26,90011-5700,[],0,0,-1,3922
1.27923334773325E+018,1694972839,-4,320,50,1,0,imp,5,4,17.5,0,0.04000001870593,0.04000001870593,34.9500007629395,0.009999999776483,1,0,-1,-1,174.247.2.0,174.247.2.0,US,NC,228,8,1,0,3659,2063927,5911106,aad.org,24435057,0,0,35.00002,0.5,2520213,USD,USD,1,0,0,3659,6980738,1,-1,-1,7904194,21453431,0,407803202,-1,-1,1,0,-1,0,0,0,0,0,0,0,0,0,0,,,cpm,0.035,0.035,0,0,0,0,0,0,USD,USD,1,,,,8613,14,0,2,---,1,ast-0.57.0,0,20842045,0,,2fc86fdd-01b0-402f-a145-e8e33a877b3f,518,194688,0,---,---,0,0,0,0,0,u,1,16,0,0,---,2,---,1,,,,1694970000000,0,,0,,0,0,0,0,[],440,,[],0,0,-1,3951
4.97213735954368E+018,1694970540,-4,300,250,1,0,imp,4,0,0,-1,0,0,0.5,0.5,1,0,-1,1.58922697254791E+018,179.59.102.73,179.59.102.0,BO,5,228,8,3,0,3659,2063929,5911110,familydoctor.org,24435085,0,0,0,0.5,0,USD,USD,1,0,0,3659,0,1,-2,-2,0,0,0,344629169,-2,-2,1,0,138,2,0,0,0,0,0,0,0,0,0,,,---,0,0,0,0,0,0,0,0,USD,USD,1,,,,8613,462,0,3,---,1,ast-0.57.0,0,0,1,,1db12d65-9bab-4736-a553-dd6079ecfce2,1,373639,0,---,---,0,0,0,0,0,u,1,0,0,0,--,2,---,0,,,,1694970000000,0,,0,,0,0,0,0,[],440,,[],0,0,-1,462
7.16864919187961E+018,1694970658,5,160,600,1,0,imp,5,4,0,0,1.00000049E-05,1.00000049E-05,0.009999999776483,0.009999999776483,1,0,-1,3.79695129042562E+018,223.233.72.18,223.233.72.0,IN,36,137,8,1,0,3659,2063832,5911347,diabetesjournals.org,24438292,0,0,1E-05,0.8,2520116,USD,USD,1,0,0,3659,5866478,1,0,0,8331154,21186096,0,436864663,0,0,1,0,848,0,0,0,0,0,0,0,0,0,0,,,cpm,0,0,0,0,0,0,0,0,USD,USD,1,,,,0,1,0,2,---,0,ast-0.57.0,0,22813998,0,,378515f2-0fa3-447f-9956-ac6d01aba73e,2929,118623,0,---,---,0,0,0,0,0,u,1,2,0,0,---,1,282010,1,,,,1694970000000,0,,0,,0,0,0,0,[],0,,[],0,0,-1,1769
4.51045845966971E+018,1694971922,7,300,250,1,0,imp,4,0,0,-1,0,0,0.5,0.5,1,0,-1,0,172.225.180.244,172.225.180.0,TH,40,409,9,1,0,3659,2063941,5911176,clinlabnavigator.com,24436638,0,0,0,0.5,0,USD,USD,1,0,0,3659,0,1,-2,-2,0,0,0,346386034,-2,-2,1,0,0,2,0,0,0,0,0,0,0,0,0,,,---,0,0,0,0,0,0,0,0,USD,USD,1,,,,301,1,0,3,---,1,ast-0.57.0,0,0,1,,8715b185-de40-44fd-8cc3-de025788e335,1,176055,0,---,---,0,0,0,0,0,u,1,0,0,0,--,2,10600,0,,,,1694970000000,0,,0,,0,0,0,0,[],26,,[],0,0,-1,3647
1.41754938468585E+018,1694970823,-4,728,90,1,0,imp,5,4,0,0,1.00000049E-05,1.00000049E-05,34.9500007629395,0.009999999776483,1,0,-1,0,104.28.57.251,104.28.57.0,US,NY,236,9,1,0,3659,2063927,5911106,aad.org,24435057,0,0,1E-05,0.5,2520213,USD,USD,1,0,0,3659,5866150,1,-1,-1,7451901,21765019,0,448374909,-1,-1,1,0,-1,0,0,0,0,0,0,0,0,0,0,,,cpm,0,0,0,0,0,0,0,0,USD,USD,1,,,,0,1,0,1,---,0,ast-0.57.0,0,18639440,0,,08c5e1c1-e4ec-4fb6-8cc9-c599ffe2c82b,501,198423,0,---,---,0,0,0,0,0,u,1,2,0,0,---,1,10025,1,,,,1694970000000,0,,0,,0,0,0,0,[],0,10025-4919,[],0,0,-1,3950
3.07990770991475E+018,1694972144,5,160,600,1,0,imp,5,4,0,0,1.00000049E-05,1.00000049E-05,0.009999999776483,0.009999999776483,1,0,-1,3.81488704240084E+018,101.0.38.87,101.0.38.0,IN,23,137,8,1,0,3659,2063832,5911347,diabetesjournals.org,24438291,0,0,1E-05,0.8,2520116,USD,USD,1,0,0,3659,5866478,1,0,0,8056766,20460193,0,454596599,0,0,1,0,876,0,0,0,0,0,0,0,0,0,0,,,cpm,0,0,0,0,0,0,0,0,USD,USD,1,,,,0,1,0,1,---,0,ast-0.57.0,0,21663773,0,,560ff9a8-9f38-4c35-b8ed-de527cea3a19,1,118011,0,---,---,0,0,0,0,0,u,1,2,0,0,---,1,140126,1,,,,1694970000000,0,,0,,0,0,0,0,[],0,,[],0,0,-1,1757
8.48718584649759E+018,1694970896,5,160,600,1,0,imp,5,4,0,0,1.00000049E-05,1.00000049E-05,0.009999999776483,0.009999999776483,1,0,-1,3.25423198538104E+017,15.207.235.190,15.207.235.0,IN,16,99,8,1,0,3659,2063832,5911347,diabetesjournals.org,24438291,0,0,1E-05,0.8,2520116,USD,USD,1,0,0,3659,5866478,1,0,0,8331154,21186096,0,436864663,0,0,1,0,514,0,0,0,0,0,0,0,0,0,0,,,cpm,0,0,0,0,0,0,0,0,USD,USD,1,,,,0,1,0,1,---,0,ast-0.57.0,0,22813998,0,,b13d8ef6-a129-44e2-8813-2f5aba958e15,2914,117657,0,---,---,0,0,0,0,0,u,1,2,0,0,---,1,400072,1,,,,1694970000000,0,,0,,0,0,0,0,[],0,,[],0,0,-1,1750
2.14756935913581E+018,1694971828,-7,300,600,1,1,imp,7,0,4.70588,0,4.70588,4.8500023765,0.5,0.5,1,0,-1,6.41170112439313E+018,73.223.175.76,73.223.175.0,US,CA,236,8,1,0,459,366999,0,medicalnewstoday.com,23832415,0,0,0,0,0,,,0,0,0,3659,7326720,1387191,0,0,8065208,22426536,0,461327597,0,0,1,0,386,0,0,0,0,0,0,0,0,0,0,,,cpm,0.00485,0.00485,0,0,0.000564705882353,0,0,0,USD,USD,1,,,,0,1,1737031,1,---,0,---,0,21719103,0,---,1c53b762-3ac0-45c8-bd95-f9518f054443,807,181470,0,---,---,2,0,0,0,0,u,0,0,0,0,---,1,94010,1,,,,1694970000000,0,,0,,0,0,0,0,"[{identity_type:11,identity_value:},{identity_type:9955,identity_value:},{identity_type:9957,identity_value:}]",0,94010-5963,"[{id_type:11,id_value:},{id_type:9955,id_value:},{id_type:9957,id_value:}]",0,0,-1,3922
8.65860872655422E+018,1694970439,-5,320,50,1,0,imp,5,4,17.5,0,0.04000001870593,0.04000001870593,34.9500007629395,0.009999999776483,1,0,-1,0,104.28.97.32,104.28.97.0,US,IL,409,9,1,0,3659,2063927,5911106,aad.org,24435057,0,0,35.00002,0.5,2520213,USD,USD,1,0,0,3659,6980738,1,-1,-1,7904194,21453431,0,407803202,-1,-1,1,0,-1,0,0,0,0,0,0,0,0,0,0,,,cpm,0.035,0.035,0,0,0,0,0,0,USD,USD,1,,,,301,1,0,1,---,1,ast-0.57.0,0,20842045,0,,e4962d48-a004-4809-9d33-7058ce08284a,602,185967,0,---,---,0,0,0,0,0,u,1,16,0,0,---,2,60629,1,,,,1694970000000,0,,0,,0,0,0,0,[],26,60629-3728,[],0,0,-1,3931
2.37986728749818E+017,1694970203,-7,728,90,1,0,imp,5,4,0,0,1.00000049E-05,1.00000049E-05,34.9500007629395,0.009999999776483,1,0,-1,5.79823992801757E+018,99.130.249.85,99.130.249.0,US,CA,137,19,1,0,3659,2063927,5911106,aad.org,24435057,0,0,1E-05,0.5,2520213,USD,USD,1,0,0,3659,5866150,1,3,2,7451901,21765019,0,448374909,0,0,1,0,780,0,0,0,0,0,0,0,0,0,0,,,cpm,0,0,0,0,0,0,0,0,USD,USD,1,,,,0,1,0,1,---,0,ast-0.57.0,0,18639440,0,,01e20efc-8c0e-4799-b59e-686891695e9d,807,182334,0,---,---,0,0,0,0,0,u,1,2,0,0,---,1,95407,1,,,,1694970000000,0,,0,,0,0,0,0,[],0,95407-7317,[],0,0,-1,3922
3.62019017729445E+018,1694972410,3,160,600,1,0,imp,5,4,0,0,1.00000049E-05,1.00000049E-05,0.009999999776483,0.009999999776483,1,0,-1,0,104.28.131.93,104.28.131.0,KW,2,464,9,1,0,3659,2063832,5911347,diabetesjournals.org,24438291,0,0,1E-05,0.8,2520116,USD,USD,1,0,0,3659,5866478,1,-1,-1,8805045,22317762,0,459802501,-1,-1,1,0,-1,0,0,0,0,0,0,0,0,0,0,,,cpm,0,0,0,0,0,0,0,0,USD,USD,1,,,,301,1,0,2,---,1,ast-0.57.0,0,24586209,0,,c4000be7-507f-4fb9-bf41-a9b9e4bffefc,1,214788,0,---,---,0,0,0,0,0,u,1,2,0,0,---,2,13060,1,,,,1694970000000,0,,0,,0,0,0,0,[],26,,[],0,0,-1,2036
5.60643008228556E+018,1694971952,-4,1,1,64,0,imp,5,4,25,0,999.900514365074,999,40,40,1,0,-1,1.38576683578512E+018,97.95.213.174,97.95.213.0,US,MI,236,9,1,0,3659,2063963,5911205,intechopen.com,24437115,0,0,50.00002,0.5,2520250,USD,USD,1,0,0,3659,8609455,1,0,0,8852878,22426253,0,461291737,0,0,1,0,383,0,0,0,0,0,0,0,0,0,0,,,cpm,0.05,0.05,0,0,0,0,0,0,USD,USD,1,,,,0,1,0,1,---,0,---,0,24769298,0,,ef983b6a-6313-4aa5-95c1-e9034e400de8,513,191644,0,---,---,0,0,0,0,0,u,1,16,0,0,---,1,48458,1,,,,1694970000000,0,,0,,0,0,0,0,[],0,48458-9741,[],0,0,-1,3940
6.99181428369745E+018,1694972629,-4,300,600,1,0,imp,6,4,0.7298,0,0,1.4596,2.5,0.5,1,0,-2,3.63904416921143E+018,73.234.160.44,73.234.160.0,US,MA,137,8,1,0,3659,2063960,5911202,healingwell.com,24437057,0,0,1.4596,0.5,2520247,USD,USD,1,0,0,903,0,642266,0,0,0,0,0,376922062,0,0,0,0,0,0,0,0,0,0,0,0,0,0,0,,,,0,0,0,0,0,0,0,0,,,0,,,,0,1,0,2,---,0,ast-0.57.0,0,0,0,,b370ed06-f2c7-48db-b028-49ffa403733c,506,189693,0,---,---,0,0,0,0,0,u,0,0,0,0,,1,2474,0,,,,1694970000000,0,,0,,0,0,0,0,[],0,,[],0,0,-1,3939
8.67693195030336E+018,1694973559,-4,320,50,1,0,imp,5,4,0,0,1.00000049E-05,1.00000049E-05,40,0.009999999776483,1,0,-1,4.95231087249599E+017,216.164.50.137,216.164.50.0,US,MD,228,8,1,0,3659,2063927,5911109,aad.org,24435062,0,0,1E-05,0.5,2520213,USD,USD,1,0,0,3659,5866150,1,1,3,7451900,22404240,0,461210279,0,0,1,0,683,0,0,0,0,0,0,0,0,0,0,,,cpm,0,0,0,0,0,0,0,0,USD,USD,1,,,,8613,1,0,1,---,1,ast-0.57.0,0,18639438,0,,16564ea5-2462-428e-99d2-c03f7fc73a78,511,190558,0,---,---,0,0,0,0,0,u,1,2,0,0,---,2,20910,1,,,,1694970000000,0,,0,,0,0,0,0,[],440,20910-2713,[],0,0,-1,3938
8.98191689844582E+017,1694973512,-4,320,50,1,0,imp,7,0,1.58846,0,1.58846,1.588459419243,3.75,1.9099999666214,1,0,-1,2.0168570003023E+018,172.226.68.0,172.226.68.0,US,VA,464,9,0,0,8241,1543090,0,medicinenet.com,21431632,0,0,0,0,0,,,0,0,0,3659,6980738,359987,-1,-1,7904194,21453567,0,423668801,-1,-1,1,0,560,0,0,0,0,0,0,0,0,0,0,,,cpm,0.01,0.01,0,0,0.0001906152,0,0,0,USD,USD,1,,,,301,1,0,1,---,1,---,0,20842045,0,---,1301e1ca-97ef-4848-9093-aa7f24a2cdc0,511,205931,0,---,---,0,0,0,0,0,u,0,0,0,0,---,2,20147,1,,,,1694970000000,0,,0,,0,0,0,0,"[{identity_type:9957,identity_value:}]",26,20147-5448,"[{id_type:9957,id_value:}]",30000,0,-1,3964
3.93743919207856E+018,1694971243,-4,300,250,1,0,imp,5,4,0,0,0.04000001870593,0.04000001870593,0.009999999776483,0.009999999776483,1,0,-1,0,108.54.106.30,108.54.106.0,US,NY,464,9,1,0,3659,2063832,5910736,diabetesfoodhub.org,24438289,0,0,1E-05,0.8,2520116,USD,USD,1,0,0,3659,5866478,1,-1,-1,7971052,21252657,0,423521528,-1,-1,1,0,-1,0,0,0,0,0,0,0,0,0,0,,,cpm,0,0,0,0,0,0,0,0,USD,USD,1,,,,103219,1,0,2,---,1,ast-0.57.0,0,21216567,0,,1a6cac0f-6213-43af-82fd-161ddaeaf673,501,199003,0,---,---,0,0,0,0,0,u,1,17,0,0,---,2,11596,1,,,,1694970000000,0,,0,,0,0,0,0,[],26,11596-2242,[],0,0,-1,3950
2.96474835860093E+018,1694973010,-5,300,250,1,0,imp,5,4,0,0,1.00000049E-05,1.00000049E-05,0.009999999776483,0.009999999776483,1,0,-1,0,104.28.103.20,104.28.103.0,US,IL,411,9,1,0,3659,2063936,5911171,urologyhealth.org,24436533,0,0,1E-05,0.5,2520223,USD,USD,1,0,0,3659,5971294,1,-1,-1,7388782,19891557,0,368784354,-1,-1,1,0,-1,0,0,0,0,0,0,0,0,0,0,,,cpm,0,0,0,0,0,0,0,0,USD,USD,1,,,,301,1,0,2,---,1,ast-0.57.0,0,18356800,0,,0943ee75-772e-49e4-a75c-f17a43fb54c9,602,185967,0,---,---,0,0,0,0,0,u,1,2,0,0,---,2,60629,1,,,,1694970000000,0,,0,,0,0,0,0,[],26,60629-3728,[],0,0,-1,3931
4.98563964763047E+018,1694971377,-4,320,50,1,0,imp,7,0,1.87096,0,1.87096,2.80049699678509,6.98000001907349,2.04999995231628,1,0,-1,0,172.225.110.29,172.225.110.0,US,PA,464,9,1,0,7090,0,0,verywellhealth.com,0,0,0,0,0,0,,,0,0,0,3659,6980738,359987,-1,-1,7904194,21453567,0,423668801,-1,-1,1,0,-1,0,0,0,0,0,0,0,0,0,0,,,cpm,0.01,0.01,0,0,0.000224515087658,0,0,0,USD,USD,1,,,,301,1,0,1,---,1,pbjs-7.54.5,0,20842045,0,---,0bb6247c-5275-4414-9588-b77a88e333ea,504,202286,0,---,---,0,0,0,0,0,u,0,0,0,0,---,2,19120,1,,,,1694970000000,0,,0,,0,0,0,0,"[{identity_type:10,identity_value:},{identity_type:11,identity_value:}]",26,19120-2422,"[{id_type:10,id_value:},{id_type:11,id_value:}]",30000,0,-1,3956
1.94045686787479E+016,1694970850,-4,300,250,1,0,imp,5,4,0,0,1.00000049E-05,1.00000049E-05,0.009999999776483,0.009999999776483,1,0,-1,0,104.28.79.144,104.28.79.0,US,NY,236,9,1,0,3659,2063832,5910736,diabetesfoodhub.org,24438289,0,0,1E-05,0.8,2520116,USD,USD,1,0,0,3659,5866478,1,-1,-1,8614417,21890593,0,451123622,-1,-1,1,0,-1,0,0,0,0,0,0,0,0,0,0,,,cpm,0,0,0,0,0,0,0,0,USD,USD,1,,,,0,1,0,2,---,0,ast-0.57.0,0,23899235,0,,e45a59d2-96b5-4f79-aeba-50da544caed8,501,198423,0,---,---,0,0,0,0,0,u,1,2,0,0,---,1,10025,1,,,,1694970000000,0,,0,,0,0,0,0,[],0,10025-4919,[],0,0,-1,3950
